schoolid,lon,lat,population,compareMedian
010051002144,-86.7299050000000023,31.6268400000000014,180,above
010117000431,-86.996491000000006,34.6199099999999973,348,below
010117000437,-87.0072569999999956,34.6106010000000026,254,below
010120000441,-87.8298680000000047,32.5125760000000028,519,above
010123000450,-85.4279650000000004,31.2204890000000006,407,below
010123000452,-85.4023219999999981,31.2362700000000011,483,below
010180000620,-86.6112269999999995,34.7388130000000004,393,above
010180000624,-86.6097050000000053,34.7698960000000028,309,above
010237000907,-88.0500530000000055,30.6722110000000008,662,above
010237000943,-88.1190409999999957,30.6936199999999992,496,above
010243000991,-86.2716690000000028,32.3368600000000015,517,below
010243000996,-86.3342530000000039,32.3489969999999971,458,above
010243001014,-86.2859339999999975,32.3608550000000008,687,below
010243001027,-86.2530450000000002,32.2928139999999999,382,above
010270001547,-85.0325650000000053,32.5117789999999971,554,below
010336001250,-87.5044610000000063,33.2064099999999982,355,above
010336002145,-87.5239640000000065,33.2148249999999976,293,below
050001900044,-91.6469089999999937,35.7702230000000014,276,below
050001900046,-91.654445999999993,35.7778950000000009,458,below
050001900144,-91.6098420000000004,35.7587880000000027,428,below
050001901092,-91.4986719999999991,35.7541020000000032,296,below
050789000506,-93.091306000000003,34.4896979999999971,427,below
050789000511,-93.0645470000000046,34.4835810000000009,585,above
050789000512,-93.0740109999999987,34.4872599999999991,268,below
050789001187,-93.0419389999999993,34.504216999999997,337,above
050789001502,-93.0751910000000038,34.4881799999999998,272,above
050828000549,-90.7005290000000031,35.831468000000001,395,below
050828000550,-90.6886810000000025,35.822808000000002,592,above
050828000552,-90.7002630000000067,35.8783499999999975,505,above
050828000553,-90.7190480000000008,35.8235280000000032,552,above
050828000554,-90.7195219999999978,35.8389159999999976,450,above
050900000604,-92.2618460000000056,34.7288070000000033,459,above
050900000606,-92.2447300000000041,34.7429300000000012,274,above
050900000614,-92.2857910000000032,34.7348300000000023,282,above
050900000636,-92.3546620000000047,34.761727999999998,438,above
051311001071,-94.027323999999993,33.4086739999999978,291,above
051311001072,-94.0346820000000037,33.4388259999999988,289,above
051311001074,-94.0329619999999977,33.4053019999999989,312,above
051311001075,-94.0319899999999933,33.4559039999999968,381,above
051311001264,-94.0214229999999986,33.4661979999999986,564,below
060004707398,-121.429036999999994,37.7189720000000008,359,above
060004807406,-120.695684,35.6516200000000012,584,above
060004807407,-120.695640999999995,35.6326960000000028,508,above
060015811511,-120.863499000000005,37.4937049999999985,916,above
060015812175,-120.868196999999995,37.5322200000000024,783,below
060141406032,-119.720881000000006,34.3980099999999993,508,below
060162000001,-118.083445999999995,33.8354929999999996,321,above
060162000005,-118.087647000000004,33.8703160000000025,427,above
060162000008,-118.068611000000004,33.8565309999999968,522,above
060162000011,-118.070186000000007,33.8650969999999987,466,below
060162000023,-118.086005999999998,33.8792430000000024,630,above
060162000024,-118.076093999999998,33.8522970000000001,686,below
060162000025,-118.066838000000004,33.8428779999999989,561,above
060162000026,-118.047651000000002,33.8758759999999981,547,below
060171011089,-117.432688999999996,34.5793990000000022,524,above
060245008790,-120.653563000000005,38.4130439999999993,221,below
060363000300,-118.997411999999997,35.356862999999997,751,above
060363000308,-119.008662000000001,35.3592889999999969,774,above
060363000309,-118.968800000000002,35.3644960000000026,754,above
060363000313,-118.992530000000002,35.3655180000000016,690,above
060363003095,-118.880312000000004,35.3918689999999998,538,above
060363007992,-118.992151000000007,35.3717090000000027,403,above
060363009714,-118.916933,35.4046570000000003,759,above
060402013771,-117.030553999999995,34.892358999999999,97,above
060474000431,-122.270600000000002,37.8768799999999999,448,below
060939000958,-117.308718999999996,34.0417040000000029,692,above
060985001058,-117.556075000000007,33.8694630000000032,784,below
061062001175,-121.727278999999996,38.5606220000000022,536,below
061062001180,-121.745740999999995,38.5575710000000029,449,below
061062001181,-121.685632999999996,38.5511229999999969,466,below
061062001183,-121.759010000000004,38.5544969999999978,543,below
061062001184,-121.766287000000006,38.554431000000001,440,below
061062010456,-121.716361000000006,38.5414719999999988,399,above
061062011834,-121.708969999999994,38.5589510000000004,431,below
061111001229,-116.241567000000003,33.7211240000000032,512,above
061111011017,-116.252510999999998,33.7317320000000009,661,above
061111011244,-116.232809000000003,33.7046660000000031,672,above
061203001332,-115.574276999999995,32.7786240000000007,303,above
061336001523,-122.060852999999995,38.2675679999999971,679,below
061336009815,-122.081191000000004,38.2712410000000034,274,above
061389001565,-121.310028000000003,38.596223000000002,332,below
061389001572,-121.163476000000003,38.677934999999998,578,below
061389001579,-121.291831999999999,38.6171679999999995,266,below
061389008575,-121.277643999999995,38.5442650000000029,445,below
061389010294,-121.129474000000002,38.6863110000000035,610,below
061440001675,-122.011763999999999,37.5387890000000013,523,below
061455001706,-119.798280000000005,36.8175370000000015,136,above
061455001725,-119.732983000000004,36.7584039999999988,758,above
061455001752,-119.777890999999997,36.8292819999999992,417,above
061455003010,-119.716140999999993,36.7139979999999966,854,above
061455003019,-119.751006000000004,36.7525130000000004,749,above
061455008141,-119.809661000000006,36.8067300000000017,484,above
061455008843,-119.783299,36.7875390000000024,551,above
061455010488,-119.810889000000003,36.7713589999999968,502,above
061455010778,-119.783362999999994,36.7471180000000004,726,above
061473001793,-117.939434000000006,33.878501,643,below
061473001794,-117.925106,33.9092669999999998,410,below
061473001796,-117.932137999999995,33.8963800000000006,566,below
061524001926,-118.263110999999995,34.1399869999999979,776,above
061524001928,-118.296282000000005,34.162109000000001,592,below
061524001935,-118.272318999999996,34.1651659999999993,1023,below
061926002316,-117.425629999999998,33.9937579999999997,298,above
061995002394,-123.709406000000001,41.1879810000000006,18,below
062064011581,-120.020768000000004,38.8602369999999979,393,below
062241002681,-120.448518000000007,34.6353870000000015,537,above
062271002807,-118.251931999999997,34.102488000000001,412,above
062271002809,-118.271435999999994,33.8780799999999971,504,above
062271002811,-118.292929000000001,33.8955449999999985,802,above
062271002834,-118.364939000000007,34.0219069999999988,404,above
062271002860,-118.415481,33.9922219999999982,387,above
062271002870,-118.192772000000005,33.9446670000000026,837,above
062271002871,-118.206591000000003,34.1193540000000013,438,above
062271002892,-118.429456999999999,34.2329269999999966,1018,above
062271002901,-118.369373999999993,34.0593069999999969,356,above
062271002934,-118.285893999999999,34.0695880000000031,693,above
062271002939,-118.255835000000005,34.0663479999999979,659,above
062271002940,-118.405236000000002,33.9736240000000009,246,above
062271002969,-118.212833000000003,34.1358549999999994,631,above
062271002993,-118.206933000000007,34.0309140000000028,793,above
062271003008,-118.407571000000004,34.283223999999997,613,above
062271003043,-118.481420999999997,34.2415840000000031,493,above
062271003074,-118.477721000000003,34.2679749999999999,593,above
062271003084,-118.347871999999995,34.0138269999999992,710,above
062271003096,-118.170638999999994,34.0288219999999981,693,above
062271003115,-118.457992000000004,34.1680020000000013,977,below
062271003150,-118.513671000000002,34.216819000000001,592,above
062271003152,-118.293173999999993,34.1027490000000029,414,above
062271003153,-118.420434999999998,33.9578980000000001,373,above
062271003172,-118.363879999999995,34.0357109999999992,910,above
062271003178,-118.345314999999999,34.0841470000000015,337,below
062271003185,-118.218866000000006,33.9777410000000018,1000,above
062271003191,-118.409902000000002,34.1806249999999992,684,below
062271003206,-118.192953000000003,34.0683289999999985,480,above
062271003239,-118.245407,33.9341879999999989,611,above
062271003240,-118.211562000000001,33.9836110000000033,653,above
062271003246,-118.272960999999995,33.9262939999999986,922,above
062271003270,-118.304298000000003,33.7533159999999981,741,above
062271003285,-118.289910000000006,33.7142380000000017,337,above
062271003293,-118.320229999999995,33.9113079999999982,528,above
062271003312,-118.194278999999995,34.1332689999999985,296,above
062271003321,-118.251799000000005,33.9606629999999967,830,above
062271003328,-118.457781999999995,34.2624070000000032,736,above
062271003346,-118.316012000000001,33.9725049999999982,572,above
062271003379,-118.314830999999998,34.2627579999999981,441,above
062271003388,-118.298240000000007,33.7619370000000032,649,above
062271003427,-118.420349000000002,34.2399100000000018,560,above
062271003457,-118.472361000000007,33.9915269999999978,354,above
062271003470,-118.379953999999998,34.1143140000000003,521,below
062271007120,-118.209532999999993,33.959465999999999,755,above
062271009394,-118.218559999999997,33.9445229999999967,721,above
062271009395,-118.192960999999997,33.9658980000000028,791,above
062271009573,-118.201015999999996,33.9456229999999977,1047,above
062271010243,-118.188158000000001,33.9812000000000012,972,above
062271013006,-118.515300999999994,34.175139999999999,285,below
062271013726,-118.287706999999998,34.0748770000000008,578,above
062532003780,-118.016255000000001,34.1472679999999969,13,below
062569007783,-118.880431000000002,34.2809979999999968,461,above
062569007935,-118.886099999999999,34.2877140000000011,461,above
062569009157,-118.843618000000006,34.3001859999999965,552,above
062569010342,-118.905266999999995,34.2651740000000018,458,above
062580009934,-117.224999999999994,33.9530510000000021,785,above
062604003899,-122.309251000000003,41.3190030000000022,127,below
062637003957,-122.004559,37.9871770000000026,554,below
062637007319,-122.069050000000004,37.944111999999997,530,below
062664004011,-122.272557000000006,38.3026789999999977,384,below
062664004012,-122.306794999999994,38.3265189999999976,451,above
062664004023,-122.258003000000002,38.1863859999999988,461,above
062664004027,-122.316460000000006,38.3166950000000028,315,above
062664004030,-122.323642000000007,38.3408680000000004,275,above
062724007194,-117.901882999999998,33.6697169999999986,482,below
062814004328,-118.019205,33.7328940000000017,677,below
062825004359,-117.337243999999998,33.2054949999999991,405,above
062847004395,-117.645561000000001,34.0861480000000015,543,above
062847004410,-117.712834999999998,34.0521519999999995,672,above
062847004415,-117.622793999999999,34.0841220000000007,502,above
062847008925,-117.681453000000005,34.0767730000000029,343,above
062847009417,-117.646970999999994,34.0710789999999975,567,above
062847011318,-117.698774,34.0644599999999969,556,above
062865007195,-117.816181,33.7829770000000025,567,below
062994004673,-118.162921999999995,34.1835420000000028,497,above
062994004691,-118.081925999999996,34.1419989999999984,640,above
062994008729,-118.148377999999994,34.1728919999999974,588,above
063018011717,-117.233224000000007,33.761096000000002,743,above
063066004763,-117.851100000000002,33.903730000000003,666,below
063066004764,-117.855965999999995,33.8729659999999981,729,above
063066004776,-117.773304999999994,33.8686110000000014,433,below
063099004806,-118.878917999999999,34.2438250000000011,400,below
063132011672,-117.777691000000004,34.0706139999999991,438,above
063213007421,-122.243799999999993,37.4537699999999987,479,above
063213007422,-122.23536,37.4808499999999967,254,below
063386005294,-117.680995999999993,33.6076210000000017,438,below
063386005295,-117.658737000000002,33.6018060000000034,462,below
063386005300,-117.688991999999999,33.6400939999999977,539,below
063386005317,-117.682614999999998,33.5929399999999987,550,below
063386009186,-117.580171000000007,33.6533019999999965,524,below
063417001131,-117.366945000000001,34.204977999999997,474,above
063417005054,-117.354483999999999,34.2000799999999998,605,above
063417005348,-117.232797000000005,34.1480859999999993,579,above
063417005352,-117.330764000000002,34.1403079999999974,565,above
063417005364,-117.411683999999994,34.2354169999999982,312,above
063417005375,-117.301804000000004,34.1792060000000006,468,above
063417005376,-117.207652999999993,34.1403529999999975,514,above
063417005379,-117.322106000000005,34.1114430000000013,516,above
063417005383,-117.311836999999997,34.1272990000000007,636,above
063417009187,-117.290102000000005,34.1741069999999994,720,above
063417011107,-117.268866000000003,34.1268710000000013,624,above
063417012143,-117.238704999999996,34.1327739999999977,287,above
063417013080,-117.312315999999996,34.1250410000000031,277,above
063432005275,-117.061858000000001,32.7687949999999972,724,above
063432005414,-117.223651000000004,32.8024300000000011,430,below
063432005422,-117.148700000000005,32.7561800000000005,541,above
063432005440,-117.237938,32.793332999999997,400,below
063432005463,-117.103402000000003,32.7579649999999987,309,above
063432005464,-117.027647000000002,32.7046509999999984,306,above
063432005485,-117.133118999999994,32.7474759999999989,368,above
063432005487,-117.194196000000005,32.8233310000000031,147,below
063432005488,-117.075185000000005,32.7200530000000001,389,above
063432005502,-117.170513999999997,32.8192909999999998,433,above
063432005505,-117.189400000000006,32.7836700000000008,681,above
063432005529,-117.081173000000007,32.7325519999999983,539,above
063432005563,-117.071034999999995,32.7025170000000003,517,above
063432005567,-117.166437000000002,32.7238830000000007,332,above
063432005568,-117.092299999999995,32.723942000000001,296,above
063432005570,-117.031304000000006,32.7944099999999992,556,below
063432008965,-117.037938999999994,32.6802629999999965,1199,above
063432012000,-117.102862000000002,32.7417050000000032,686,above
063459004084,-121.901514000000006,37.3107090000000028,363,above
063459005697,-121.856789000000006,37.2465389999999985,558,above
063459005742,-121.882907000000003,37.269089000000001,731,below
063459007429,-121.885124000000005,37.3028759999999977,325,below
063462005810,-121.219942000000003,38.6697130000000016,470,below
063492002791,-122.300100000000001,37.5507100000000023,544,above
063492005906,-122.290631000000005,37.5371919999999975,442,below
063492005908,-122.301970999999995,37.5692280000000025,493,above
063492005912,-122.327447000000007,37.5761449999999968,455,below
063492005914,-122.316278999999994,37.5753350000000026,279,below
063492005915,-122.343100000000007,37.5695100000000011,427,above
063492005916,-122.296712999999997,37.5616210000000024,404,below
063492005917,-122.312865000000002,37.5616050000000001,510,above
063720006301,-122.487357000000003,38.3191640000000007,336,above
063795006397,-121.028109999999998,37.7118540000000024,322,below
063801001375,-121.284684999999996,37.9142709999999994,330,above
063801006401,-121.342477000000002,37.9674059999999969,747,above
063801006416,-121.295199999999994,37.9405399999999986,506,above
063801006417,-121.321219999999997,37.98292,163,above
063801011778,-121.303645000000003,37.9241150000000005,388,above
063801011779,-121.312461999999997,38.0105429999999984,578,above
063801011782,-121.265673000000007,37.9665699999999973,620,above
063801011783,-121.249212,37.9325270000000003,538,above
063801012698,-121.298917000000003,37.9678159999999991,312,above
064015006648,-117.793253000000007,33.7429240000000021,618,below
064074006724,-122.273403000000002,38.0952219999999997,317,above
064074006732,-122.243247999999994,38.1509130000000027,407,above
064098006751,-119.297638000000006,34.2968910000000022,429,above
064098006758,-119.206103999999996,34.2556179999999984,420,above
064098006765,-119.159045000000006,34.2848279999999974,354,above
064098006767,-119.305159000000003,34.2892730000000015,486,above
064098006770,-119.262348000000003,34.2719030000000018,520,above
064098009456,-119.209316000000001,34.2728820000000027,569,below
080192001842,-104.803448000000003,39.0120280000000008,415,below
080291000763,-104.876073000000005,39.6967360000000014,313,below
080333006667,-107.595211000000006,38.8708200000000019,25,below
080336001928,-104.833988000000005,39.7768980000000028,505,above
080345001288,-104.857408000000007,39.4028559999999999,343,below
080345006341,-104.879956000000007,39.5383939999999967,426,below
080435001552,-108.557793000000004,39.0490330000000014,144,below
080441000637,-104.709979000000004,40.3818759999999983,392,below
080453001903,-104.781643000000003,38.8124359999999982,336,above
080555001932,-104.991793999999999,39.8367339999999999,278,above
080555001997,-104.974300999999997,39.8370699999999971,179,above
080555002004,-104.960953000000004,39.8621830000000017,301,above
080555002007,-104.957806000000005,39.8627529999999979,309,above
080555002016,-104.955836000000005,39.8579330000000027,305,above
080555002017,-104.958460000000002,39.8652590000000018,320,above
080555002021,-104.960994999999997,39.8521590000000003,273,above
080555002031,-104.943584000000001,39.8607950000000031,298,above
080612006361,-104.630500999999995,38.2344000000000008,225,above
080612006378,-104.597643000000005,38.2760800000000003,400,above
080690006375,-104.981330999999997,39.8888400000000019,282,below
080690006468,-104.967950999999999,39.9083699999999979,300,below
080690006561,-105.004271000000003,39.8687100000000001,391,above
080723006567,-105.031671000000003,39.8286200000000008,136,below
090045001590,-73.2337859999999949,41.2155729999999991,275,above
090070000072,-72.594571000000002,41.7084899999999976,391,above
090070000210,-72.6865350000000063,41.7492570000000001,263,above
090070001357,-72.7129149999999953,41.7935170000000014,377,above
090070001511,-72.5954930000000047,41.806601999999998,367,above
090070001516,-72.8204010000000039,41.8009199999999979,355,above
090070001597,-72.6752510000000029,41.720320000000001,305,above
090070001601,-72.6668090000000007,41.8523190000000014,348,above
090070001623,-72.8357790000000023,41.809942999999997,257,above
090070001629,-72.6693709999999982,41.64255,223,above
090091000340,-73.1623979999999961,41.2046589999999995,284,above
090102001438,-73.4922250000000048,41.3937000000000026,390,below
090192000362,-72.7073100000000068,41.7920220000000029,246,above
090192000366,-72.7026110000000045,41.7415400000000005,373,above
090192000370,-72.6650180000000034,41.7550560000000033,436,above
090192000383,-72.7122009999999932,41.7685990000000018,430,above
090192001192,-72.6733519999999942,41.7598490000000027,194,above
090192001369,-72.707380999999998,41.7460999999999984,198,above
090192001435,-72.6758310000000023,41.7723299999999966,216,above
090192001531,-72.7078410000000019,41.7915800000000033,195,above
090192001534,-72.7041770000000014,41.8038969999999992,180,above
090192001616,-72.6720909999999947,41.7400700000000029,142,above
090192001641,-72.6987960000000015,41.7458680000000015,152,above
090279000542,-72.9524499999999989,41.3098469999999978,359,above
090279000543,-72.953684999999993,41.326075000000003,293,above
090279000544,-72.8868810000000025,41.2993200000000016,315,above
090279000545,-72.9337929999999943,41.2881610000000023,103,above
090279000551,-72.9733209999999986,41.3285600000000031,309,above
090279000647,-72.9681910000000045,41.3323099999999997,220,above
090279001387,-72.8782620000000065,41.3236909999999966,416,above
090279001388,-72.940094000000002,41.3338630000000009,340,above
090279001443,-72.9383250000000061,41.3007089999999977,315,above
090279001564,-72.9661009999999948,41.3276899999999969,342,above
090282000594,-72.0992909999999938,41.3221399999999974,501,above
090282000597,-72.0994050000000044,41.3683130000000006,577,above
090345000079,-72.0998069999999984,41.3587610000000012,535,below
090345001627,-72.6398109999999946,41.7453199999999995,192,above
090432000864,-73.5147450000000049,41.0537390000000002,545,below
090483000541,-73.0377610000000033,41.5497900000000016,518,above
090483001131,-72.9719089999999966,41.549038000000003,541,above
090519001640,-72.1734809999999953,41.7195600000000013,367,below
100068000075,-75.2257620000000031,38.4619750000000025,297,below
120003000003,-82.3314850000000007,29.6879680000000015,536,above
120003000009,-82.3091629999999981,29.6451369999999983,565,above
120003000015,-82.5229060000000061,29.5198639999999983,481,below
120003000619,-82.6049629999999979,29.6412060000000004,114,below
120015000093,-80.7499990000000025,28.3829160000000016,512,above
120015000095,-80.7410629999999969,28.3374479999999984,517,above
120018000151,-80.1766219999999947,26.1088549999999984,598,above
120018000155,-80.143146999999999,26.1584070000000004,589,above
120018000159,-80.161131999999995,26.0008189999999999,595,above
120018000164,-80.1556460000000044,26.1264299999999992,577,above
120018000166,-80.1537540000000064,26.0448440000000012,541,above
120018000170,-80.1064700000000016,26.3094040000000007,508,above
120018000179,-80.1952280000000002,26.1255459999999999,406,above
120018000180,-80.1964059999999961,25.9781569999999995,657,above
120018000181,-80.1415889999999962,26.1970740000000006,907,above
120018000187,-80.1625310000000013,26.2426430000000011,580,above
120018000197,-80.196780000000004,26.12697,68,above
120018000211,-80.1331849999999974,26.2485379999999999,451,above
120018000224,-80.1242340000000013,26.2633480000000006,587,above
120018000228,-80.162698000000006,26.1229189999999996,432,above
120018000248,-80.1443749999999966,26.2465389999999985,480,above
120018002080,-80.1328180000000003,26.1234959999999994,645,below
120018002980,-80.1532820000000044,26.1407939999999996,433,above
120018007843,-80.1518310000000014,26.0168600000000012,478,below
120039000367,-80.3986299999999972,25.5145699999999991,720,above
120039000383,-80.1734670000000023,25.8912669999999991,701,above
120039000391,-80.4175979999999981,25.5151569999999985,447,above
120039000406,-80.2258520000000033,25.8307690000000001,253,above
120039000410,-80.2334740000000011,25.8178969999999985,448,above
120039000457,-80.3750100000000032,25.6362200000000016,749,above
120039000468,-80.1869779999999963,25.8365310000000008,374,above
120039000469,-80.3555410000000023,25.6023059999999987,383,above
120039000471,-80.3934509999999989,25.5413099999999993,1055,above
120039000494,-80.3358510000000052,25.6154159999999997,777,above
120039000500,-80.2310679999999934,25.9142800000000015,393,above
120039000510,-80.219781999999995,25.9336699999999993,428,above
120039000518,-80.3061900000000009,25.7142899999999983,633,above
120039000520,-80.1942159999999973,25.7617359999999991,732,above
120039000523,-80.2768200000000007,25.7045899999999996,1163,above
120039000528,-80.2545360000000017,25.7355289999999997,374,above
120039000534,-80.2739129999999932,25.7212439999999987,314,above
120039001388,-80.1804599999999965,25.8549800000000012,597,above
120039002500,-80.3320930000000004,25.8743599999999994,921,above
120039002699,-80.3031880000000058,25.9434100000000001,922,above
120039002713,-80.231609000000006,25.9175819999999995,384,above
120039004072,-80.2054459999999949,25.7706729999999986,487,above
120039005838,-80.5063480000000027,25.4960200000000015,439,above
120039007580,-80.190441000000007,25.7897600000000011,144,above
120039007855,-80.189510999999996,25.7897700000000008,382,above
120048000633,-81.6961019999999962,30.308212000000001,282,below
120048000636,-81.6635780000000011,30.3628350000000005,315,above
120048000637,-81.703117000000006,30.2759309999999999,398,above
120048000638,-81.6919979999999981,30.318835,368,above
120048000640,-81.7144880000000029,30.2918559999999992,434,below
120048000646,-81.6071440000000052,30.1579140000000017,1035,below
120048000650,-81.6899959999999936,30.4115460000000013,257,above
120048000652,-81.7664419999999979,30.4255959999999988,487,below
120048000654,-81.786990000000003,30.3253130000000013,538,below
120048000666,-81.6535989999999998,30.3747079999999983,659,above
120048000668,-81.6345799999999997,30.3016189999999988,371,above
120048000670,-81.671159000000003,30.3913900000000012,407,above
120048000676,-81.401048000000003,30.3057610000000004,533,below
120048000678,-81.6290359999999993,30.2655530000000006,773,above
120048000682,-81.6160449999999997,30.2786229999999996,482,above
120048000683,-81.7035680000000042,30.2602170000000008,512,below
120048000684,-81.5707670000000036,30.320958000000001,781,above
120048000686,-81.7052249999999987,30.3914700000000018,319,above
120048000689,-81.5423789999999968,30.2772809999999986,613,above
120048000699,-81.688873000000001,30.3521859999999997,327,above
120048000701,-81.4001370000000009,30.283926000000001,607,below
120048000703,-81.6382499999999993,30.342257,366,above
120048000707,-81.6697560000000067,30.3389939999999996,530,above
120048000711,-81.6374220000000008,30.2807519999999997,442,above
120048000712,-81.6894290000000041,30.3534539999999993,327,above
120048000713,-81.727649999999997,30.3810259999999985,275,above
120048000715,-81.6999449999999996,30.3768859999999989,478,above
120048000735,-81.5851530000000054,30.3013060000000003,611,below
120048000743,-81.6282060000000058,30.4391649999999991,643,below
120048000745,-81.7099699999999984,30.4009999999999998,464,above
120048000747,-81.597485000000006,30.2730759999999997,514,below
120048000751,-81.4185839999999956,30.362798999999999,438,below
120048000755,-81.5290389999999974,30.3374109999999995,576,below
120048002556,-81.7998960000000039,30.3003560000000007,1037,below
120048002739,-81.8027610000000038,30.1957990000000009,1056,above
120048002818,-81.6561739999999929,30.3516289999999991,591,above
120048004197,-81.4598139999999944,30.2550300000000014,484,below
120051000824,-87.2399309999999986,30.48264,3,below
120051003581,-87.2027010000000047,30.4290699999999994,591,below
120060000852,-84.3992049999999949,30.6231200000000001,423,above
120060000853,-84.5826249999999931,30.5916229999999985,101,above
120081002503,-82.5091110000000043,28.4791080000000001,726,below
120081003585,-82.4633330000000058,28.4903590000000015,748,below
120081005548,-82.5019300000000015,28.4957090000000015,890,below
120087000927,-82.4323409999999939,28.0300860000000007,401,above
120087000944,-82.4775790000000058,27.9576330000000013,254,above
120087000971,-82.4576710000000048,27.9665980000000012,316,above
120087000974,-82.1133370000000014,28.0129049999999999,386,above
120087001017,-82.4376900000000035,27.957529000000001,381,above
120087003376,-82.4300620000000066,27.9825410000000012,387,above
120087003382,-82.4527939999999973,27.9483290000000011,440,above
120087004086,-82.4385000000000048,27.979140000000001,333,above
120087004092,-82.4312450000000041,28.0719239999999992,323,above
120087004096,-82.492748000000006,27.9581839999999993,369,below
120087008061,-82.5190010000000029,27.9565599999999996,461,below
120087008200,-82.3859410000000025,28.0208499999999994,391,above
120093001053,-80.4249750000000034,27.6319750000000006,551,below
120093001054,-80.4036909999999949,27.5814799999999991,534,below
120093003866,-80.4662380000000042,27.7426279999999998,553,below
120105003074,-81.7571400000000068,28.5593789999999999,592,below
120105003594,-81.7258219999999938,28.7118709999999986,597,below
120108001136,-81.8881789999999938,26.6831010000000006,410,below
120108001148,-81.9256799999999998,26.5217470000000013,1174,below
120108001158,-81.8818760000000054,26.7079349999999991,548,below
120111001181,-84.306681999999995,30.459620000000001,524,above
120111001188,-84.3221599999999967,30.4760740000000006,559,above
120111001191,-84.2929390000000041,30.4805379999999992,491,above
120123001218,-82.5804660000000013,27.4912139999999994,432,above
120123001222,-82.5455529999999982,27.4953299999999992,471,above
120123001234,-82.5569959999999981,27.4302050000000008,679,above
120123001239,-82.5511220000000066,27.5390349999999984,510,above
120123001241,-82.531415999999993,27.4826470000000001,483,above
120123007636,-82.5675009999999929,27.4866099999999989,217,above
120126001267,-82.1512799999999999,29.1907330000000016,431,below
120126001268,-82.1572460000000007,29.1818370000000016,646,below
120126001270,-82.1233969999999971,29.2146450000000009,761,above
120126001865,-82.200374999999994,29.3680969999999988,307,above
120144001370,-81.3654420000000016,28.550851999999999,432,below
120144001374,-81.3839909999999946,28.5721099999999986,480,below
120144001381,-81.6071270000000055,28.5578310000000002,538,above
120144001386,-81.2466600000000057,28.566279999999999,434,above
120144001390,-81.4007610000000028,28.5737699999999997,646,above
120144001414,-81.4499969999999962,28.5709079999999993,496,above
120144001415,-81.3441260000000028,28.4488120000000002,340,above
120144002685,-81.2532810000000012,28.5874600000000001,505,above
120144002926,-81.4306930000000051,28.359138999999999,877,above
120150001479,-80.0759709999999956,26.8278700000000008,642,below
120150001480,-80.0910209999999978,26.8240400000000001,719,below
120150001482,-80.0593389999999943,26.8112010000000005,621,above
120150001491,-80.0529410000000041,26.7485880000000016,656,above
120150001493,-80.0651450000000011,26.7271000000000001,425,above
120150001494,-80.0726499999999959,26.723593000000001,551,above
120150001495,-80.0596089999999947,26.7236259999999994,583,above
120150001497,-80.0402040000000028,26.7069180000000017,401,below
120150001508,-80.078801999999996,26.6626730000000016,615,above
120150001515,-80.0540529999999961,26.6256430000000002,754,above
120150001523,-80.0655900000000003,26.5378030000000003,570,above
120150001525,-80.0716309999999965,26.5303199999999997,619,above
120150001526,-80.0707809999999967,26.5168099999999996,518,above
120150001528,-80.0706610000000012,26.4889200000000002,627,above
120150001529,-80.0823630000000009,26.4681010000000008,549,above
120150001534,-80.0887400000000014,26.3491999999999997,307,above
120150001538,-80.6586420000000004,26.8261889999999994,392,above
120150001544,-80.6617499999999978,26.6781499999999987,700,above
120150001545,-80.6815500000000014,26.6779200000000003,322,above
120150001553,-80.164584000000005,26.5210679999999996,688,above
120150001560,-80.0791499999999985,26.8537929999999996,374,above
120150002630,-80.265901999999997,26.6411160000000002,588,above
120150002693,-80.2357999999999976,26.6937989999999985,429,above
120150002874,-80.2649880000000024,26.7791479999999993,414,below
120150003009,-80.1001619999999974,26.5827840000000002,825,above
120150003224,-80.2660690000000017,26.763814,544,below
120150003468,-80.1437250000000034,26.4270759999999996,808,below
120150003757,-80.3286590000000018,26.7741539999999993,582,below
120150003902,-80.1521879999999953,26.6614080000000016,1064,above
120150004028,-80.1375819999999948,26.7302140000000001,685,above
120150004410,-80.0844600000000071,26.7795699999999997,514,above
120150004414,-80.08596,26.4513500000000015,385,above
120150007604,-80.1428010000000057,26.6643299999999996,945,above
120153008337,-82.4632909999999981,28.2328200000000003,716,below
120156001598,-82.6619869999999963,27.7159300000000002,633,above
120156001600,-82.645458000000005,27.714696,646,below
120156001623,-82.664441999999994,27.7529409999999999,536,below
120156001626,-82.7028210000000001,27.7501849999999983,639,above
120156001631,-82.6673720000000003,27.7475309999999986,348,below
120156001640,-82.7906839999999988,27.8085699999999996,464,below
120156001643,-82.6575880000000041,27.7572629999999982,416,above
120156001658,-82.7848510000000033,28.0035799999999995,536,below
120156001661,-82.7378199999999993,27.7717799999999997,464,below
120156001670,-82.8023519999999991,27.8993299999999991,813,below
120156001697,-82.7509950000000032,28.1389069999999997,272,below
120156004133,-82.681910000000002,27.7583459999999995,552,below
120156004134,-82.6658489999999944,27.7476720000000015,345,below
120156008365,-82.754761000000002,27.7506999999999984,327,below
120156008432,-82.7784209999999945,27.9836300000000016,249,above
120159001718,-81.9659939999999949,28.0613700000000002,588,below
120159001719,-81.9605049999999977,28.0639509999999994,492,above
120159001724,-81.6244209999999981,28.1221810000000012,463,above
120159001725,-81.5839409999999958,28.2278300000000009,584,above
120159001728,-81.7179979999999944,28.019247,527,below
120159001740,-81.7165640000000053,28.0465090000000004,464,above
120159001755,-81.8409800000000018,27.8928130000000003,463,below
120159001771,-82.0141610000000014,28.0554179999999995,494,above
120159001794,-81.6187539999999956,28.0267139999999984,535,above
120159003656,-81.5959689999999966,28.0172249999999998,124,above
120159003927,-81.9661650000000037,28.0383479999999992,421,above
120168001846,-82.5278639999999939,27.2852560000000004,809,below
120168002458,-82.5514519999999976,27.3619249999999994,602,below
120171001879,-81.2824470000000048,28.7961559999999999,831,above
120171001882,-81.2437910000000017,28.7887200000000014,844,above
120171002464,-81.252917999999994,28.8042760000000016,626,above
120177001923,-80.3575280000000021,27.4284350000000003,638,above
120177001928,-80.3380010000000056,27.4661870000000015,625,above
120177002537,-80.2858010000000064,27.2900300000000016,519,above
120177003500,-80.334969000000001,27.4438689999999994,311,above
130042000198,-83.6469809999999967,32.8332970000000017,502,above
130042002474,-83.6555859999999996,32.8446360000000013,482,above
130042002604,-83.6134619999999984,32.8532450000000011,499,above
130102000364,-81.1035320000000013,32.0181660000000008,570,above
130102000373,-81.1404730000000001,31.9929710000000007,713,above
130102000385,-81.1013290000000069,32.0366769999999974,506,above
130102000389,-81.1148450000000025,32.0167939999999973,436,above
130102000402,-81.0973419999999976,32.0467089999999999,423,below
130102002054,-81.0106109999999973,32.039869000000003,837,below
130102002152,-81.1034199999999999,32.074860000000001,424,above
130174000650,-84.2401310000000052,33.8734869999999972,553,above
130174000656,-84.3177510000000012,33.7347099999999998,369,above
130174000691,-84.3017289999999946,33.6967780000000019,343,above
130174001999,-84.3200609999999955,33.9144799999999975,321,below
130174003750,-84.2658409999999947,33.74362,145,above
130183002314,-84.1690480000000036,31.5146529999999991,571,above
130183003344,-84.160899999999998,31.5854670000000013,776,above
130351003480,-84.5255889999999965,33.9447890000000001,328,below
130387001388,-84.9912530000000004,32.4725759999999966,294,above
130387001405,-84.9546480000000059,32.5272709999999989,567,below
130387001425,-84.9215489999999988,32.4544360000000012,489,above
130387001435,-84.9199289999999962,32.443289,406,above
130387002142,-84.9727910000000009,32.4875159999999994,522,above
130438001556,-81.9848910000000046,33.4631699999999981,608,above
160030000908,-114.275326000000007,43.4929449999999989,417,above
160078000155,-116.804100000000005,47.7164569999999984,762,below
160078000156,-116.773049,47.6754069999999999,330,below
160093001015,-111.953180000000003,43.4750099999999975,384,below
160153000252,-112.037124000000006,43.5118709999999993,414,below
160210000010,-116.346715000000003,43.6464560000000006,703,below
160210000362,-116.355490000000003,43.6996010000000013,439,below
160210000363,-116.318408000000005,43.6482820000000018,430,below
160210000364,-116.307861000000003,43.6382800000000017,397,below
160210000366,-116.315448000000004,43.5386219999999966,468,below
160210000595,-116.337205999999995,43.599217000000003,727,below
160210000717,-116.379473000000004,43.6258860000000013,577,below
160210000945,-116.412101000000007,43.6996170000000035,524,below
160234000941,-116.531610999999998,43.519599999999997,414,above
170579000262,-88.8477010000000007,42.2500659999999968,737,above
170942000548,-88.2736019999999968,40.1363169999999983,481,above
170942000555,-88.2275280000000066,40.1235590000000002,416,above
170993000609,-87.5765130000000056,41.7295030000000011,301,above
170993000628,-87.6304860000000048,41.725555,179,above
170993000635,-87.6074700000000064,41.7286399999999986,332,above
170993000668,-87.6250840000000011,41.798803999999997,862,above
170993000692,-87.704695000000001,42.0094920000000016,228,below
170993000709,-87.6461950000000059,41.9569600000000023,1127,above
170993000729,-87.6745609999999971,41.9157810000000026,201,below
170993000745,-87.6996110000000044,41.8126630000000006,483,above
170993000752,-87.7163039999999938,41.8758910000000029,274,above
170993000769,-87.6765599999999949,41.7604550000000003,307,above
170993000777,-87.6360009999999932,41.9064260000000033,203,above
170993000783,-87.5350480000000033,41.7067369999999968,699,above
170993000787,-87.7046310000000062,41.8504930000000002,448,above
170993000832,-87.6575799999999958,41.9422210000000035,383,below
170993000860,-87.696906999999996,41.6973449999999986,152,below
170993000868,-87.660899999999998,41.8747729999999976,376,above
170993000875,-87.7016500000000008,41.8740299999999976,281,above
170993000888,-87.6065650000000034,41.7024400000000028,179,above
170993000898,-87.7787330000000026,42.007323999999997,307,below
170993000905,-87.6375639999999976,41.9133089999999982,383,below
170993000957,-87.6190770000000043,41.7345120000000023,167,above
170993000971,-87.6538599999999946,41.9376460000000009,411,above
170993000984,-87.5926560000000052,41.7982560000000021,367,above
170993000991,-87.646647999999999,41.9141329999999996,354,above
170993001015,-87.7053219999999953,41.7429470000000009,172,above
170993001032,-87.6186509999999998,41.8359299999999976,386,above
170993001083,-87.6412250000000057,41.8441949999999991,378,below
170993001096,-87.6595099999999974,41.8808250000000015,772,below
170993001098,-87.6538670000000053,41.8652159999999967,291,above
170993001105,-87.6845739999999978,41.9954960000000028,380,below
170993001123,-87.7778390000000002,41.9489390000000029,552,above
170993001131,-87.6658749999999998,41.7205409999999972,171,above
170993004916,-87.6829000000000036,41.9072829999999996,400,above
170993004917,-87.6997420000000005,41.8475899999999967,712,above
170993004944,-87.7093409999999949,41.9710800000000006,183,below
170993005269,-87.6276440000000036,41.7466269999999966,177,above
170993005548,-87.6533620000000013,41.8716280000000012,384,above
170993005801,-87.677338000000006,41.8833079999999995,232,above
170993005930,-87.7262790000000052,41.8668109999999984,206,above
171125001350,-87.6781929999999932,41.4345550000000031,286,above
171179003297,-87.6005459999999943,40.1419390000000007,278,below
171185001398,-88.9577819999999946,39.8160349999999994,229,below
171185001400,-88.9721640000000065,39.8542739999999967,326,above
171185001406,-88.9625180000000029,39.8405509999999978,263,above
171185005156,-88.9429669999999959,39.8380829999999975,324,below
171185005629,-88.943247999999997,39.8512470000000008,373,above
171371000073,-88.1917789999999968,41.9685460000000035,419,below
171371001681,-88.146339999999995,41.9730989999999977,415,below
171371001700,-88.2700360000000046,42.0431510000000017,414,above
171371001702,-88.1606459999999998,42.0154769999999971,331,above
171371002887,-88.3243870000000015,42.0490139999999997,594,above
171377004568,-87.9899470000000008,42.0099969999999985,238,below
171446001216,-87.7220449999999943,42.0459770000000006,247,below
171446001794,-87.7081019999999967,42.0435390000000027,375,below
171590001137,-89.6735520000000008,42.2860530000000026,310,below
171824005530,-89.0479679999999974,42.3485039999999984,269,below
171966004665,-87.6662800000000004,40.463476,287,below
172058002328,-88.0345089999999999,41.5167900000000003,261,above
172058002332,-88.0551799999999929,41.5481410000000011,327,above
172076002355,-87.8088560000000058,41.0781860000000023,173,above
172076002357,-87.8416129999999953,41.1124719999999968,195,above
172076002358,-87.884208000000001,41.1107510000000005,407,above
172076002365,-87.8472359999999952,41.1171989999999994,266,above
172076002366,-87.8474489999999975,41.1183559999999986,379,above
172076005569,-87.885627999999997,41.1130629999999968,416,above
173042001179,-88.0164170000000041,42.0679879999999997,9,above
173123003283,-89.6193700000000035,40.6879559999999998,368,above
173441006155,-90.5705810000000042,41.495829999999998,476,below
173451001589,-89.098204999999993,42.3349809999999991,267,below
173451003563,-89.1138669999999991,42.2746169999999992,441,above
173451003605,-89.1083210000000037,42.2577300000000022,505,below
173451003607,-89.114537999999996,42.2572279999999978,561,above
173708003825,-89.6346369999999979,39.7836449999999999,384,below
174125004122,-87.8369139999999931,42.3550320000000014,498,above
174125004135,-87.8548569999999955,42.3441150000000022,493,above
174155004159,-88.2032530000000037,41.8704779999999985,563,above
180036002492,-85.8922290000000004,39.1951230000000024,291,below
180327000441,-85.9249360000000024,41.7031599999999969,602,below
180345002462,-87.5728210000000047,38.0062799999999967,30,below
180363000527,-85.0542829999999981,41.1126280000000008,600,below
180363000535,-85.1129459999999938,41.0533229999999989,304,above
180363000570,-85.1240959999999944,41.0568590000000029,565,above
180363002175,-85.1306880000000064,41.0307480000000027,348,below
180477000811,-86.0161970000000054,39.8313690000000023,366,above
180477000814,-86.2031520000000029,39.8156529999999975,215,above
180477000831,-86.1361650000000054,39.8009350000000026,216,above
180477000872,-86.149171999999993,39.8400579999999991,339,above
180477000901,-86.1549229999999966,39.8166239999999974,392,below
180477001440,-86.1505599999999987,39.7767499999999998,259,below
180477002277,-86.1262550000000005,39.8457849999999993,368,below
180477002442,-86.121270999999993,39.8187399999999983,289,above
180477002555,-86.1674110000000013,39.8013199999999969,243,above
180567000150,-85.9984440000000063,39.8719230000000025,587,above
180567002278,-85.9760799999999961,39.8539600000000007,589,above
180657001155,-86.8864109999999954,41.7286100000000033,439,above
180657001158,-86.9383880000000033,41.6752170000000035,402,below
181029001672,-86.2773219999999981,41.7038480000000007,325,above
200339000747,-98.0269509999999968,37.1508299999999991,235,below
200339000750,-98.029642999999993,37.284238000000002,172,below
200762001734,-97.9398860000000013,38.0634749999999968,252,below
201226001114,-95.6864379999999954,39.0605800000000016,542,below
201226001115,-95.6490170000000006,39.0485120000000023,468,above
201226001116,-95.6758049999999969,39.0407659999999979,572,above
201299000254,-97.3847540000000009,37.7030359999999973,363,below
201299000257,-97.2937139999999943,37.7341479999999976,366,above
201299000264,-97.380707000000001,37.6326279999999969,275,below
201299000269,-97.3458530000000053,37.763224000000001,364,below
201299000280,-97.2547260000000051,37.6996910000000014,445,below
201299000282,-97.2800799999999981,37.6888330000000025,316,below
201299000297,-97.3244720000000001,37.7105910000000009,329,above
201299000300,-97.3675340000000062,37.7254170000000002,259,below
201299000301,-97.2271470000000022,37.6967989999999986,595,below
201299000302,-97.3054020000000008,37.7184039999999996,431,above
201299000310,-97.3582420000000042,37.7015930000000026,268,below
201299000324,-97.3524660000000068,37.7137620000000027,305,above
201299000333,-97.3373809999999935,37.7051019999999966,443,above
201299000843,-97.2406759999999935,37.6751390000000015,285,below
201299001706,-97.3475799999999936,37.6400760000000005,408,below
201299001719,-97.3088089999999966,37.7030969999999996,504,above
201299001720,-97.2610090000000014,37.7798200000000009,557,below
201299001798,-97.3991269999999929,37.686754999999998,544,below
201299001904,-97.3102010000000064,37.729370000000003,339,above
210186000361,-84.4373599999999982,38.0536260000000013,568,below
210186000373,-84.4943269999999984,38.0361589999999978,526,below
210299000624,-85.8225549999999942,38.2095569999999967,380,above
210299000626,-85.7617800000000017,38.1052549999999997,617,below
210299000629,-85.6224930000000057,38.2261620000000022,613,below
210299000643,-85.7297300000000035,38.2083000000000013,618,below
210299000655,-85.6544990000000013,38.2089709999999982,620,above
210299000669,-85.6907609999999949,38.1715370000000007,449,above
210299000701,-85.8624989999999997,38.1823589999999982,478,above
210299000708,-85.6659070000000043,38.1769570000000016,497,above
210299000718,-85.8056799999999953,38.1963799999999978,450,above
210299000731,-85.7824739999999935,38.2393029999999996,363,above
210299000733,-85.7981709999999964,38.2646900000000017,402,above
210299000740,-85.789985999999999,38.2557669999999988,517,above
210299000742,-85.8003570000000053,38.2443889999999982,536,below
210299000745,-85.819894000000005,38.2367109999999997,619,above
210299000757,-85.8099739999999969,38.2563990000000018,483,above
210299000762,-85.823828000000006,38.2579700000000003,468,above
210299000770,-85.8013679999999965,38.2363420000000005,418,above
210299000771,-85.8033819999999992,38.2743090000000024,295,above
210299000772,-85.7344889999999964,38.2535200000000017,555,below
210299000773,-85.7784889999999933,38.2485590000000002,403,above
210299000780,-85.7382609999999943,38.2338049999999967,724,above
210299000783,-85.7702060000000017,38.2510929999999974,560,above
210299000784,-85.8147790000000015,38.2280640000000034,618,below
210299000786,-85.8192599999999999,38.2323400000000007,549,above
210299001587,-85.824308000000002,38.1962529999999987,609,below
210299001855,-85.7240180000000009,38.2494420000000019,481,above
210299002027,-85.7530200000000065,38.2503540000000015,292,below
220004000410,-91.1335799999999949,30.5843649999999983,155,above
220030000154,-93.775154999999998,32.4772170000000031,407,above
220030000157,-93.7434350000000052,32.431635,480,below
220030000160,-93.7491739999999965,32.4485269999999986,470,below
220030000165,-93.8708179999999999,32.799233000000001,423,below
220030000171,-93.8000370000000032,32.4877729999999971,424,above
220030000195,-93.7477159999999969,32.4601070000000007,481,below
220033000224,-93.2138939999999963,30.204656,306,below
220054000375,-91.1153079999999989,30.5144950000000002,373,above
220054000429,-91.1814830000000001,30.4401469999999996,259,above
220054000439,-91.1536150000000021,30.4297550000000001,405,above
220054000441,-91.1343880000000013,30.430612,405,below
220054002353,-91.1030310000000014,30.3795800000000007,298,above
220084000637,-90.1267710000000051,29.9812800000000017,338,below
220084001965,-90.0584530000000001,29.9153309999999983,319,below
220084002268,-90.1112909999999943,29.8552700000000009,309,above
220084002298,-90.2045909999999935,29.9896600000000007,341,below
220111000778,-91.9184800000000024,32.7866199999999992,218,above
220129010374,-92.4330149999999975,31.2665749999999996,461,below
240012000350,-76.6211030000000051,39.427076999999997,397,below
240012000361,-76.8266390000000001,39.4636029999999991,353,below
240012000364,-76.7795979999999929,39.3689230000000023,442,above
240012000407,-76.5720199999999949,39.3768170000000026,456,above
240012000463,-76.5813320000000033,39.4035050000000027,347,below
240012000492,-76.6945649999999972,39.375115000000001,493,above
240033000643,-77.2754209999999944,39.3839460000000017,680,below
240033000645,-77.423209,39.4235240000000005,602,below
240033000652,-77.3564460000000054,39.3268050000000002,676,below
240048000803,-77.0802869999999984,38.9786339999999996,441,below
240048000809,-77.1884890000000041,39.0591030000000004,333,below
240048000834,-77.2420780000000065,39.1722129999999993,590,above
240048000868,-77.1036169999999999,39.0940840000000023,707,below
240048000887,-77.0023769999999956,39.0045879999999983,403,above
240048000893,-77.0050150000000002,39.0212459999999979,469,above
240048000932,-77.0123710000000017,38.9826249999999988,679,above
240048001514,-77.2073800000000006,39.2659909999999996,588,below
240048090480,-76.9873570000000029,39.0914659999999969,433,above
240051000414,-76.8880419999999987,38.9033909999999992,179,above
240051000870,-76.9924709999999948,38.8023629999999997,250,above
240051000997,-76.9124939999999953,38.8818970000000022,215,above
240051001043,-76.8695419999999956,38.937539000000001,479,above
240051001056,-76.7313879999999955,38.9517799999999994,387,above
240051001094,-76.8804049999999961,38.8447150000000008,290,above
240051001103,-76.8057369999999935,38.7483829999999969,347,above
240051001119,-76.9502700000000033,38.8486430000000027,235,above
240051001130,-76.839704999999995,38.8892310000000023,288,above
240051001135,-76.8935069999999996,38.9035360000000026,330,above
240051001139,-76.9813429999999954,38.9692399999999992,245,above
240051001174,-76.8551360000000017,38.9001280000000023,446,above
240051001179,-76.9761170000000021,38.8116819999999976,415,above
240051001245,-76.8420979999999929,38.9878500000000017,476,above
240051001251,-76.842101999999997,38.9878909999999976,269,above
240051001554,-76.9685410000000019,38.8340000000000032,382,above
240051001684,-76.8865030000000047,38.8267189999999971,301,above
240051001686,-76.9788209999999964,38.6878799999999998,638,above
240066001254,-77.6483479999999986,39.5152519999999967,506,below
240066001264,-77.7314470000000028,39.6169300000000035,304,below
240066001266,-77.7184490000000068,39.6686639999999997,375,below
240066001294,-77.8092340000000036,39.5999029999999976,555,below
240069001307,-75.5926469999999995,38.3789200000000008,445,below
240069001310,-75.619694999999993,38.3646269999999987,496,above
260001603913,-83.2763000000000062,42.344140000000003,324,below
260001603914,-83.2980579999999975,42.3207900000000024,516,below
260001603915,-83.2937710000000067,42.3419839999999965,263,below
260001607444,-83.2854939999999999,42.3366770000000017,381,below
260100104724,-83.1514899999999955,42.4097769999999983,379,above
260100104800,-83.0917309999999958,42.4362799999999965,261,above
260100104862,-83.1219210000000004,42.3072700000000026,109,above
260198003943,-83.3776490000000052,42.0418090000000007,248,below
260474004155,-83.6617810000000048,42.9652340000000024,277,below
260474004157,-83.6789359999999931,42.9724080000000015,247,below
260585004214,-83.2275779999999941,42.5226430000000022,340,below
260585004215,-83.247864000000007,42.5584890000000016,324,below
260585004218,-83.2052180000000021,42.5191629999999989,279,below
260585004219,-83.2085309999999936,42.5702700000000007,396,below
260585004222,-83.1974079999999958,42.5556610000000006,322,below
260585004223,-83.2136679999999984,42.5330450000000013,578,below
260585004224,-83.236543999999995,42.5521049999999974,432,below
260585004228,-83.3201679999999954,42.5468570000000028,519,below
260678001834,-83.9028629999999964,43.3690750000000023,416,above
260756001549,-85.6425749999999937,42.8148550000000014,503,below
260804004375,-83.3935850000000016,43.4892960000000031,374,below
260804004377,-83.4085550000000069,43.491934999999998,407,below
260877004426,-84.8440049999999957,42.5707769999999997,324,below
260877004427,-84.8331349999999986,42.5394959999999998,378,below
260957000200,-82.9219030000000004,42.6132610000000014,592,below
260957001070,-82.9152349999999956,42.648260999999998,644,below
260957001309,-82.9013180000000034,42.6674620000000004,859,below
260957004453,-82.9471319999999963,42.6338330000000028,518,below
260957004455,-82.8996599999999972,42.5829170000000019,336,below
260957004456,-82.9501920000000013,42.5874719999999982,1,below
260957004458,-82.9151410000000055,42.6424009999999996,673,below
260957004459,-82.9292389999999955,42.5726310000000012,389,below
260957004461,-82.9650359999999978,42.5914190000000019,493,below
260957004462,-82.959811000000002,42.6007660000000001,509,below
260957007450,-82.9394759999999991,42.6508919999999989,434,below
260957007482,-82.9403020000000026,42.6811369999999997,746,below
260957007514,-82.9309899999999942,42.6085929999999991,532,below
261014004503,-85.0068069999999949,41.9482610000000022,450,below
261014004505,-84.9847060000000028,41.940094000000002,396,below
261014004506,-84.9783950000000061,41.8575450000000018,370,below
261143001055,-83.5258800000000008,43.0251200000000011,435,below
261143004576,-83.5260349999999932,43.0327150000000032,279,below
261143004577,-83.5266819999999939,43.0908870000000022,421,below
261143004578,-83.5531009999999981,42.9951379999999972,571,below
261143004579,-83.506022999999999,43.026643,349,below
261143004580,-83.5184749999999951,43.0245359999999977,603,below
261161004615,-83.2249950000000069,42.2762930000000026,371,below
261161004617,-83.255740000000003,42.2762600000000006,367,below
261161004619,-83.2386130000000009,42.2760829999999999,390,below
261428005075,-83.1618050000000011,42.4701669999999965,348,below
261452005099,-83.7111409999999978,43.0159900000000022,520,above
261452005100,-83.7089730000000003,43.0038640000000001,311,above
261452005101,-83.6604710000000011,42.9868960000000016,329,above
261452005112,-83.7055229999999995,42.986463999999998,260,above
261452005115,-83.6615699999999976,43.0159599999999998,194,above
261452005117,-83.644237000000004,43.0395770000000013,348,above
261452005118,-83.6926720000000017,43.026133999999999,298,above
261452008471,-83.7270910000000015,43.0701499999999982,347,above
261452008539,-83.7284049999999951,43.0694599999999994,329,above
261461001312,-85.493038999999996,42.953949999999999,491,below
261461001366,-85.4620900000000034,43.001179999999998,50,below
261469008707,-87.4424410000000023,46.2851599999999976,253,below
261635001859,-83.6294659999999936,42.9226370000000017,453,below
261716005399,-85.3507340000000028,43.191906000000003,465,below
261722005403,-83.1621530000000035,42.1150540000000007,408,below
261740005418,-85.9981499999999954,42.7335300000000018,111,below
261776005442,-82.920810000000003,42.4294439999999966,181,above
261962005625,-84.4288240000000059,42.2358019999999996,271,above
261962005628,-84.4315440000000024,42.2638000000000034,466,below
261962005630,-84.4029879999999935,42.2415599999999998,129,above
261962005632,-84.4212289999999967,42.2114440000000002,287,below
261995005656,-85.5690460000000002,42.2822060000000022,275,above
261995005662,-85.5830040000000025,42.3004239999999996,258,above
261995005667,-85.5939529999999991,42.3102760000000018,165,above
261995005669,-85.6137540000000001,42.2590730000000008,560,above
261995005672,-85.5438819999999964,42.3257460000000023,355,above
261995005673,-85.5711979999999954,42.2728400000000022,433,above
261995005676,-85.5974250000000012,42.2968740000000025,360,above
261995007948,-85.5919659999999993,42.2844639999999998,333,above
262028001132,-85.7738429999999994,43.0143690000000021,657,below
262028005705,-85.7659610000000043,42.9876819999999995,292,below
262028005707,-85.718900000000005,43.0485100000000003,428,below
262115005812,-84.5803439999999966,42.6892500000000013,375,above
262115005813,-84.5161399999999929,42.7576400000000021,274,below
262115005821,-84.5967890000000011,42.6810990000000032,269,below
262115008263,-84.5868310000000037,42.7063599999999966,293,above
262115008319,-84.5557709999999929,42.680259999999997,227,above
262115008414,-84.5243410000000068,42.7388899999999978,343,above
262157001000,-83.6032380000000046,42.159474000000003,500,below
262157001479,-83.6144759999999963,42.1714539999999971,567,below
262157005854,-83.6020450000000039,42.1578019999999967,600,below
262184008662,-83.4066289999999952,42.4175260000000023,182,below
262187000627,-82.8321870000000047,42.5911540000000031,495,below
262187005913,-82.8541100000000057,42.5752710000000008,349,below
262187005917,-82.8154899999999969,42.578240000000001,371,below
262187005919,-82.8756390000000067,42.5593939999999975,372,below
262205005925,-85.380030000000005,42.8532599999999988,500,below
262220005930,-86.442229999999995,43.9525900000000007,502,below
262220005931,-86.4362100000000027,43.9603120000000018,265,below
262220005932,-86.4536399999999929,43.9596599999999995,215,below
262523001751,-82.7920000000000016,42.734099999999998,572,below
262556008289,-86.2413080000000036,41.8308520000000002,300,below
262613001243,-83.5334849999999989,42.4830899999999971,455,below
262613006261,-83.4978629999999953,42.4739709999999988,456,below
262613006262,-83.4615100000000041,42.4649939999999972,353,below
262613006265,-83.4458199999999977,42.461545000000001,489,below
262613006266,-83.4970310000000069,42.4766059999999968,499,below
262613007562,-83.4997330000000062,42.4788879999999978,574,below
262676007564,-86.172702000000001,43.2570869999999985,353,below
262676007763,-86.185409000000007,43.2460560000000029,664,below
262856001431,-83.5087539999999962,42.3081999999999994,495,below
262856001929,-83.5250000000000057,42.3076640000000026,702,below
262856006408,-83.4805920000000015,42.3471580000000003,361,below
262916001304,-84.7354760000000056,42.6306030000000007,64,below
262916006503,-84.7341969999999947,42.6305740000000029,337,below
262976008698,-83.1318629999999956,42.2743880000000019,116,above
263012001433,-83.3563290000000023,42.2611879999999971,339,above
263012006609,-83.4017809999999997,42.2390520000000009,319,above
263012006611,-83.412274999999994,42.1895560000000032,286,below
263012006612,-83.3177610000000044,42.1855970000000013,350,above
263039006662,-83.9591609999999946,43.427979999999998,388,below
263039008612,-83.908411000000001,43.4423499999999976,408,above
263045006695,-84.0040330000000068,43.435496999999998,401,below
263225001245,-83.6943330000000003,42.4599970000000013,611,below
263225006756,-83.6566640000000064,42.4633809999999983,416,below
263231006777,-83.2285480000000035,42.4577030000000022,338,above
263231006778,-83.2894229999999993,42.449030999999998,297,above
263231006782,-83.2092770000000002,42.5061710000000019,357,above
263381006923,-85.4722540000000066,42.7098719999999972,476,below
263381006925,-85.488262000000006,42.7065339999999978,411,below
263381007583,-85.4906689999999969,42.7045510000000022,466,below
263384006927,-85.643020000000007,41.9413300000000007,336,below
263384006929,-85.634609999999995,41.9500799999999998,310,below
263456007037,-83.4531049999999937,42.2362079999999978,380,above
263531008620,-83.3643809999999945,42.6912900000000022,522,below
263582007177,-83.3431549999999959,42.6083640000000017,443,below
263663007284,-83.6020460000000014,42.2487449999999996,325,above
270729000293,-93.2360809999999987,44.793726999999997,471,below
270729000299,-93.209746999999993,44.7965689999999981,358,below
270729002641,-93.3529829999999947,44.743820999999997,540,below
271113000495,-96.9908089999999987,47.9047699999999992,416,below
271113000497,-97.0289060000000063,47.9394229999999979,470,below
271227001757,-92.9894450000000035,45.2763240000000025,101,below
271242000610,-93.2519300000000015,45.0767999999999987,216,below
272124000938,-93.3112310000000065,44.9008389999999977,599,below
272124000942,-93.2915629999999965,44.925493000000003,468,below
272124001031,-93.2307849999999974,44.9602250000000012,571,below
272124001865,-93.2799700000000058,44.8967600000000005,526,above
272124001866,-93.2429309999999987,44.9368199999999973,580,above
272124001868,-93.2038929999999937,44.9323120000000031,503,below
272124001882,-93.2805000000000035,44.9682809999999975,511,above
272124002144,-93.250007999999994,44.9866079999999968,504,below
272124002177,-93.2265299999999968,44.924584000000003,511,below
272124002178,-93.2625689999999992,44.9998840000000016,411,above
272124002296,-93.2339390000000066,45.0107980000000012,500,above
272124002580,-93.2898310000000066,44.9960949999999968,358,above
272124002700,-93.2839510000000018,44.9546399999999977,626,above
272124004172,-93.2259200000000021,44.9528779999999983,207,below
272124004239,-93.2982360000000028,45.0113380000000021,370,below
272520001207,-93.3403529999999932,45.0990030000000033,457,below
272520001211,-93.4846710000000059,45.1102599999999967,641,below
273175001312,-93.2586749999999967,44.8756929999999983,752,below
273178000747,-93.3917710000000056,45.0085899999999981,751,below
273178004548,-93.3740310000000022,44.9981700000000018,443,below
273180000994,-92.4502880000000005,43.9947110000000023,193,below
273239000512,-93.1543900000000065,44.8190200000000019,768,below
273239001374,-93.2193649999999963,44.7239140000000006,696,below
273239001375,-93.158175,44.7398159999999976,805,below
273384001133,-93.142043000000001,44.9237370000000027,726,above
273384001172,-93.0642019999999945,44.9806290000000004,498,below
273384001173,-93.1424499999999966,44.9463700000000017,428,below
273384001194,-93.0157059999999945,44.9708669999999984,329,below
273384001555,-93.0148089999999996,44.9397400000000005,417,below
273384001567,-93.0676670000000001,44.9716400000000007,113,below
273384001594,-93.122792000000004,44.9506670000000028,642,below
273384001601,-93.1180439999999976,44.9588579999999993,382,below
273384001611,-93.0908840000000026,44.9887960000000007,481,below
273384001612,-93.1349199999999939,44.9284389999999974,160,below
273384001619,-93.059623000000002,44.9739190000000022,707,below
273384001623,-93.0770810000000068,44.9326300000000032,333,above
273384001634,-93.1302979999999963,44.9435110000000009,444,above
273384001952,-93.1236999999999995,44.9510640000000024,478,above
273384002303,-93.0546999999999969,44.9569359999999989,458,below
273384002454,-93.1098510000000061,44.9726799999999969,568,above
273384002540,-93.1434509999999989,44.9360690000000034,287,below
273384002671,-93.1834690000000023,44.9503399999999971,429,above
273384002672,-93.0428780000000018,44.9653259999999975,404,below
273384002999,-93.1227030000000013,44.9709659999999971,310,below
273384003000,-93.122596999999999,44.9708309999999969,366,below
273384004491,-93.100001000000006,44.9757299999999987,584,below
273384004682,-93.0393409999999932,44.9804400000000015,191,below
273384004683,-93.1683709999999934,44.9646699999999981,142,below
273384004684,-93.0265610000000009,44.9572399999999988,205,below
274227001773,-93.0943440000000066,44.8935719999999989,426,above
274227001774,-93.0908119999999997,44.9132180000000005,173,below
274227001776,-93.0942409999999967,44.9101789999999994,413,above
274227001778,-93.1700400000000002,44.8467690000000019,377,below
274416004676,-95.6128709999999984,43.6266400000000019,90,below
280075001212,-90.7258029999999991,33.8793719999999965,260,below
280105000120,-90.5651299999999964,34.1993799999999979,192,above
280105000121,-90.5936410000000052,34.2056189999999987,280,above
280105000122,-90.5988339999999965,34.1999649999999988,248,above
280105000124,-90.5536709999999943,34.1938850000000016,238,above
280105000128,-90.5679290000000066,34.1858059999999995,215,above
280219000373,-90.1659169999999932,32.3551319999999976,543,above
280219001052,-90.1809240000000045,32.3080399999999983,264,above
280246000472,-89.1190390000000008,31.705919999999999,354,above
280447000826,-90.8849940000000061,32.3327990000000014,294,below
291640000557,-94.5926919999999996,39.013303999999998,254,above
291640000818,-94.5332109999999943,39.0418400000000005,348,above
291640000838,-94.5847279999999984,38.9804290000000009,280,above
291640000848,-94.5763699999999972,39.0750299999999982,163,above
291640002376,-94.5836599999999947,39.0644860000000023,483,above
291640002606,-94.5376040000000018,38.9951399999999993,208,above
292928000798,-90.2540699999999987,38.6165900000000022,377,above
292928001587,-90.2105300000000057,38.642000000000003,522,above
292928001590,-90.2551660000000027,38.631853999999997,327,above
292928001967,-90.2936959999999971,38.5963589999999996,255,below
292928002403,-90.2571609999999964,38.5546300000000031,215,above
292928002404,-90.2757200000000069,38.6111300000000028,377,above
292928002570,-90.1953670000000045,38.6527650000000023,363,above
292928002572,-90.2592120000000051,38.6567099999999968,308,above
292928002641,-90.2050509999999974,38.6056600000000003,381,above
292928002645,-90.2766050000000035,38.5979480000000024,326,below
292928002646,-90.304750999999996,38.6218700000000013,161,above
320006000016,-115.171323000000001,36.2058499999999981,457,above
320006000038,-114.980180000000004,36.0273660000000007,594,below
320006000058,-115.146742000000003,36.2093070000000026,547,above
320006000064,-115.146733999999995,36.1930630000000022,413,above
320006000072,-115.169359999999998,36.1822900000000018,438,above
320006000112,-115.112487000000002,36.1841930000000005,513,above
320006000271,-115.304824999999994,36.1533370000000005,653,below
320006000588,-115.067387999999994,36.1949559999999977,687,above
320048000243,-119.860558999999995,39.5067710000000005,381,below
320048000336,-119.710700000000003,39.5645900000000026,398,below
320048000389,-119.857658000000001,39.4824669999999998,475,below
320048000467,-119.800730000000002,39.4064970000000017,663,below
360007803551,-73.9485679999999945,40.8061379999999971,197,above
360008603742,-73.919825000000003,40.8357659999999996,731,above
360009202072,-73.9863330000000019,40.6609559999999988,946,below
360010002317,-73.7689960000000014,40.6732749999999967,502,above
360010202470,-73.871374000000003,40.7649279999999976,894,above
360010204893,-73.8748999999999967,40.7569200000000009,297,above
360015102657,-73.9797820000000002,40.6289960000000008,455,above
360246000026,-73.7889700000000062,42.6417900000000003,440,above
360246000031,-73.763660999999999,42.6416200000000032,422,above
360246000222,-73.7990010000000041,42.6833600000000004,282,below
360297000072,-74.1663539999999983,42.9393659999999997,446,above
360297000073,-74.1970570000000009,42.9485650000000021,462,above
360297000074,-74.1686689999999942,42.9582400000000035,450,below
360297000075,-74.2049870000000027,42.9320189999999968,338,below
361155000909,-73.5878430000000066,40.6474109999999982,708,above
361155000910,-73.5947319999999934,40.6515119999999968,642,above
361155000916,-73.5847540000000038,40.6419199999999989,694,above
361155001636,-73.5859059999999943,40.6555249999999973,533,above
361509006451,-73.4151820000000015,40.8554010000000005,202,below
362049001893,-73.7984229999999997,40.9100370000000027,813,above
362049001894,-73.7978980000000036,40.9181960000000018,518,above
362049001895,-73.7856029999999947,40.9737000000000009,763,below
362049001896,-73.7729329999999948,40.9327029999999965,254,above
362070002901,-74.0145480000000049,41.5337419999999966,411,above
362070002903,-74.0413989999999984,41.5511399999999966,648,above
362070002904,-74.0609829999999931,41.5324060000000017,615,above
362070002905,-74.0238429999999994,41.5135239999999968,581,above
362070002907,-74.083642999999995,41.5257259999999988,712,above
362070002908,-74.0077799999999968,41.5069599999999994,397,above
362070002909,-74.0203840000000071,41.4787990000000022,530,above
362070002913,-74.0596859999999992,41.4801750000000027,642,above
362070002915,-74.0543720000000008,41.4620019999999983,590,above
362082002926,-79.0401229999999941,43.1159699999999972,324,above
362127003036,-73.337483000000006,40.8767149999999973,361,below
362601003584,-73.934820000000002,42.8024199999999979,343,above
362601003593,-73.9189159999999959,42.8299710000000005,283,above
362601006117,-73.9174409999999966,42.801400000000001,298,below
362706003686,-73.1926770000000033,40.8531699999999987,456,below
362706003690,-73.1427230000000037,40.8405020000000008,496,below
362859003863,-76.0954990000000038,43.0470410000000001,479,above
362937000231,-75.2196789999999993,43.0796490000000034,546,below
362937000262,-75.2444890000000015,43.0875249999999994,601,above
362937003948,-75.178953000000007,43.1117830000000026,620,below
362937003950,-75.2720850000000041,43.0739429999999999,371,below
362937003951,-75.2630479999999977,43.0827620000000024,392,below
362937003954,-75.2511989999999997,43.1041150000000002,559,above
362937003957,-75.2349219999999974,43.091185000000003,277,above
362937003961,-75.2179869999999937,43.123742,517,below
362937006287,-75.220885999999993,43.0912659999999974,517,below
362946003973,-73.6986370000000051,40.6584179999999975,302,above
362946003974,-73.7106569999999977,40.6546870000000027,338,above
362985004008,-73.5141590000000065,40.6531949999999966,260,below
362988001118,-73.8817939999999993,41.6451739999999973,167,below
363192000452,-73.8280249999999967,40.9697299999999984,510,above
363192001077,-73.8433670000000006,40.9635710000000017,372,above
363192001527,-73.8468819999999937,40.9527950000000018,270,above
363192001920,-73.8846159999999941,40.971778999999998,337,above
363192002802,-73.8739249999999998,40.9496830000000003,395,above
363192003452,-73.8271060000000006,40.9613209999999981,356,below
363192004242,-73.8918859999999995,40.9315089999999984,561,above
363192004247,-73.8621679999999969,40.9077399999999969,486,below
363192004248,-73.8955399999999969,40.938724999999998,350,above
363192004249,-73.8784090000000049,40.9634670000000014,381,above
363192004252,-73.8721960000000024,40.9480080000000015,385,above
363192004254,-73.840951000000004,40.946669,349,below
363192004255,-73.8882930000000044,40.9443339999999978,281,above
363192004258,-73.8903540000000021,40.9136540000000011,433,above
363192004259,-73.8496049999999968,40.9172670000000025,448,above
363192004260,-73.8874519999999961,40.9602829999999969,477,above
363192004261,-73.8665469999999971,40.9356390000000019,489,above
363192004262,-73.8927439999999933,40.9281080000000017,387,above
363192004263,-73.8997119999999939,40.9220109999999977,365,above
363192004264,-73.8787399999999934,40.9100499999999983,409,above
363192004265,-73.8707729999999998,40.9727809999999977,422,above
363192004266,-73.8878050000000002,40.9297559999999976,379,above
363192004267,-73.895274999999998,40.9566500000000033,300,above
363192004268,-73.8204489999999964,40.982401000000003,348,below
363192004269,-73.9037019999999956,40.9161300000000026,299,above
363192004270,-73.8372569999999939,40.9606080000000006,337,above
363192004271,-73.8344529999999963,40.9779640000000001,297,above
363192004272,-73.8465829999999954,40.9296819999999997,380,below
363192004539,-73.9026439999999951,40.9200039999999987,587,below
363192004853,-73.8962479999999999,40.9260609999999971,408,above
363192006281,-73.8993789999999962,40.9304619999999986,301,above
363192006557,-73.8784090000000049,40.9634670000000014,76,above
370027000071,-82.5740890000000007,35.5745709999999988,367,below
370027000072,-82.5531909999999982,35.6077909999999989,478,below
370027000076,-82.5496119999999962,35.6303720000000013,498,below
370027000080,-82.6009399999999943,35.5773340000000005,467,below
370027002202,-82.5613610000000051,35.5978500000000011,508,below
370053000376,-80.5856909999999971,35.4112530000000021,551,below
370053003174,-80.5843330000000009,35.3097390000000004,943,below
370072000299,-79.0724749999999972,35.8996939999999967,533,above
370126000308,-78.8877180000000067,35.9792559999999995,344,above
370126000334,-78.8966640000000012,36.0192830000000015,492,above
370126000538,-78.9107240000000019,36.0081920000000011,350,above
370126000554,-78.913724000000002,35.9887579999999971,221,above
370126000572,-78.9043510000000055,35.95608,520,above
370126003185,-78.871500999999995,36.0572900000000018,594,above
370132003350,-77.5367109999999968,35.9074499999999972,431,above
370150002293,-80.2470600000000047,36.1007869999999969,266,below
370150002446,-80.220911000000001,36.117519999999999,516,above
370192000761,-79.7636839999999978,36.0583629999999999,294,above
370192000769,-79.7447999999999979,36.0846400000000003,300,above
370192000773,-79.8316750000000042,36.1036939999999973,501,below
370192000775,-79.7550569999999937,36.0671230000000023,295,above
370192000779,-79.7987889999999993,36.060099000000001,684,above
370192000789,-79.8670979999999986,36.0804159999999996,621,above
370192000791,-79.8292380000000037,36.0469170000000005,316,above
370192000795,-79.7584959999999938,36.0507810000000006,348,above
370192000801,-79.7740909999999985,36.0677049999999966,345,above
370192000957,-80.0176500000000033,35.9781610000000001,304,above
370192000958,-80.0030409999999961,35.9736699999999985,296,above
370192000960,-79.9864409999999992,35.976343,663,above
370192000962,-80.036635000000004,35.9765689999999978,614,above
370192000965,-79.9828609999999998,35.9695200000000028,345,above
370192002295,-79.8147639999999967,36.0872389999999967,412,above
370192002524,-79.9724020000000024,35.9558899999999966,480,above
370192002583,-79.7358370000000036,36.0814110000000028,552,above
370192002773,-79.7664759999999973,36.0597390000000004,110,below
370192002988,-79.9042440000000056,36.0815809999999999,57,above
370192003295,-79.9606210000000033,35.9245700000000028,100,above
370294001176,-81.986337000000006,35.686239999999998,352,below
370297000682,-80.8507409999999993,35.2375100000000003,507,above
370297001204,-80.8714630000000057,35.1847309999999993,548,above
370297001211,-80.8324109999999934,35.2291499999999971,548,above
370297001217,-80.8254330000000039,35.2153819999999982,542,above
370297001245,-80.8344900000000024,35.1901889999999966,700,above
370297001256,-80.8480399999999975,35.1783339999999996,413,below
370297001273,-80.8996609999999947,35.1548400000000001,945,below
370297001893,-80.8592409999999973,35.2608040000000003,481,above
370297002396,-80.7751370000000009,35.2966979999999992,731,above
370297002638,-80.8042460000000062,35.2432289999999995,210,above
370297002737,-80.8502610000000033,35.251224999999998,410,above
370297002782,-80.8003489999999971,35.2077409999999986,255,below
370297003042,-80.8768469999999979,35.2023259999999993,365,above
370297003311,-80.8909610000000043,35.3502200000000002,116,above
370333001375,-77.9343609999999956,34.2321499999999972,387,above
370345001419,-77.4124670000000066,34.7558489999999978,525,above
370345001425,-77.4276449999999983,34.7724249999999984,461,below
370472001677,-78.5223689999999976,35.7761479999999992,639,above
370472001836,-78.5967469999999935,35.8300120000000035,383,above
370472001838,-78.6545370000000048,35.8449159999999978,569,below
370472001840,-78.5865579999999966,35.7658780000000007,541,above
370472001846,-78.7015430000000009,35.7745159999999984,878,below
370472001847,-78.6231279999999941,35.7959069999999997,578,above
370472001851,-78.629203000000004,35.8403849999999977,656,below
370472001857,-78.7752310000000051,35.7585049999999995,741,below
370472001858,-78.6247670000000056,35.7548219999999972,575,above
370472001864,-78.6440709999999967,35.8542699999999996,501,above
370472001866,-78.6229770000000059,35.7745669999999976,681,above
370472001867,-78.6813980000000015,35.8679780000000008,534,below
370472001868,-78.6332749999999976,35.8148529999999994,702,below
370472001869,-78.7783110000000022,35.7928399999999982,401,below
370472001873,-78.8093319999999977,35.5901070000000033,460,above
370472001878,-78.610352000000006,35.8494060000000019,744,above
370472001887,-78.605677,35.7736110000000025,336,above
370472001888,-78.6032210000000049,35.7955729999999974,402,above
370472001894,-78.6537309999999934,35.7118150000000014,604,above
370472001897,-78.6451150000000041,35.802346,514,below
370472001903,-78.6431970000000007,35.767750999999997,552,below
370472001904,-78.3722539999999981,35.785654000000001,485,below
370472001909,-78.6514849999999939,35.7850699999999975,504,below
370472001912,-78.3197810000000061,35.8396019999999993,520,above
370472002222,-78.5555030000000016,35.8728219999999993,597,above
420234000908,-78.396608999999998,40.5275999999999996,313,below
421062000169,-79.758505999999997,40.4288689999999988,240,below
421095007529,-78.9381110000000064,40.3440999999999974,4,below
421158000981,-76.8461410000000029,40.2680000000000007,101,above
421899000551,-75.1830779999999947,39.9220660000000009,66,below
421899003714,-75.2032590000000027,40.0749500000000012,312,above
421899003808,-75.165773999999999,39.9635069999999999,165,below
421899006525,-75.1147320000000036,39.9942759999999993,124,above
421917000326,-80.0068179999999956,40.387363999999998,399,below
421917000351,-79.9355699999999985,40.4622450000000029,250,below
421917000395,-79.9788400000000053,40.4280199999999965,290,below
421917000413,-80.0083910000000032,40.4533910000000034,544,above
421917006024,-79.9172839999999951,40.4682579999999987,458,above
421917006042,-79.933636000000007,40.4535279999999986,428,above
421917006044,-79.9160380000000004,40.4453850000000017,371,above
422157001724,-77.5203709999999973,40.0606719999999967,129,below
450090000096,-82.6992189999999994,34.5303350000000009,701,below
450090000097,-82.6567229999999995,34.5355050000000006,650,below
450090000101,-82.6021920000000023,34.4930340000000015,548,above
450090000103,-82.6819859999999949,34.4696780000000018,365,above
450090000106,-82.6792339999999939,34.5298840000000027,470,above
450090000107,-82.6251319999999936,34.5237189999999998,615,below
450090000687,-82.6159250000000043,34.5600370000000012,743,below
450090000690,-82.7496699999999947,34.4788250000000005,641,below
450090001206,-82.7044300000000021,34.5046940000000006,491,above
450111000135,-80.6824550000000045,32.4343410000000034,472,above
450111000140,-80.6261200000000002,32.3946919999999992,297,above
450111000145,-80.5614649999999983,32.4014250000000033,386,above
450111000418,-80.8988049999999959,32.251455,548,below
450111000942,-80.7289750000000055,32.2204290000000029,799,above
450111001549,-80.9726200000000063,32.2435600000000022,758,below
450111001662,-80.9423519999999996,32.2718330000000009,543,below
450117001159,-80.0280039999999957,32.9799039999999977,419,below
450144000197,-79.9799809999999951,32.8632899999999992,420,above
450144000210,-79.9358610000000027,32.7809299999999979,226,above
450144000213,-79.9477210000000014,32.7945849999999979,276,above
450144000214,-79.7929469999999981,32.8518019999999993,1083,below
450144000219,-79.9827750000000037,32.8847099999999983,505,above
450144000230,-79.9813099999999935,32.7778709999999975,721,below
450144000234,-79.8397879999999987,32.7593260000000015,516,below
450144000240,-79.9367110000000025,32.7910320000000013,313,above
450144001215,-80.0773470000000032,32.7197140000000033,41,below
450144001329,-79.853747999999996,32.8184899999999971,585,below
450144001363,-80.0224589999999978,32.8007690000000025,585,below
450144001382,-79.9322810000000033,32.7870100000000022,314,below
450186000350,-79.8862550000000056,34.2864339999999999,460,above
450186000363,-80.0804239999999936,34.3705550000000031,385,above
450210001448,-81.1035260000000022,34.3949330000000018,282,above
450231000496,-82.3844930000000062,34.8113239999999991,894,above
450231000509,-82.3711839999999995,34.8585369999999983,645,above
450231000530,-82.3975329999999957,34.8653740000000028,643,below
450234000592,-82.108200999999994,34.2119,621,above
450282000754,-81.1824900000000014,34.103194000000002,497,above
450282000756,-81.1558409999999952,34.0531089999999992,432,above
450282000757,-81.1256049999999931,34.0434910000000031,592,above
450282001345,-81.1663130000000024,34.0836809999999986,562,above
450282001441,-81.2094809999999967,34.1075700000000026,474,below
450339000042,-80.910466999999997,34.1619480000000024,691,above
450339000342,-80.9310940000000016,34.1366560000000021,680,above
450339000927,-80.8894360000000035,34.1887370000000033,98,above
450339000968,-80.9302469999999943,34.0628000000000029,782,above
450339000969,-80.9503059999999977,34.052182000000002,541,above
450339000970,-80.9560149999999936,34.0770130000000009,626,above
450339000971,-80.9000240000000019,34.1134610000000009,546,above
450339000972,-80.9205410000000001,34.0892959999999974,732,above
450339000973,-80.9257520000000028,34.0833569999999995,267,below
450339001348,-80.8848239999999947,34.1439510000000013,707,above
450339001442,-80.8380279999999942,34.1094599999999986,602,above
450339001443,-80.8811520000000002,34.1427910000000026,256,below
450339001566,-81.0060030000000069,34.2104690000000034,193,below
450387001133,-81.0299530000000061,34.9691720000000004,614,below
450387001137,-81.0108529999999973,34.9322119999999998,519,below
450387001138,-81.0435279999999949,34.8807210000000012,446,above
450387001139,-81.0246309999999994,34.9520020000000002,617,below
450387001140,-81.0119020000000063,34.9785690000000002,579,below
450387001141,-81.0486590000000007,34.9196389999999965,458,above
450387001464,-81.0250539999999973,34.9112560000000016,296,above
470014800179,-89.8134079999999955,35.0607639999999989,514,above
470014801022,-89.8868810000000025,35.2279899999999984,545,above
470014801026,-90.0283610000000039,35.1509700000000009,240,above
470014801043,-90.0276309999999995,35.118859999999998,340,above
470014801045,-90.0066290000000038,35.1993119999999991,222,above
470014801047,-90.102840999999998,35.0237100000000012,304,above
470014801048,-89.9531810000000007,35.1773999999999987,272,above
470014801074,-89.9291070000000019,35.1491850000000028,1022,above
470014801088,-89.9967709999999954,35.133499999999998,480,above
470014801132,-89.9925010000000043,35.1201300000000032,374,above
470014801141,-89.8666809999999998,35.0796500000000009,317,above
470014801145,-90.0093609999999984,35.1190599999999975,277,above
470014801155,-89.9393610000000052,35.1003400000000028,669,above
470014801158,-89.9968910000000051,35.1528599999999969,821,above
470014801162,-89.9749609999999933,35.1595399999999998,277,above
470014801164,-89.9428139999999985,35.1569640000000021,654,above
470014801169,-90.001371000000006,35.1643100000000004,229,above
470014801180,-90.0256710000000027,35.018189999999997,467,above
470014801184,-89.9153510000000011,35.0849199999999968,671,above
470014801911,-89.768936999999994,35.1462399999999988,658,above
470014801983,-90.041050999999996,35.0043500000000023,347,above
470014802025,-89.9514790000000062,35.2432119999999998,393,above
470014802041,-90.0470909999999947,35.1442499999999996,544,above
470014802112,-89.9725609999999989,35.1463200000000029,388,above
470014802236,-89.7757200000000069,35.1614890000000031,1046,above
470018000041,-86.4644700000000057,35.4884989999999974,343,below
470159000674,-85.2947730000000064,35.0503539999999987,366,below
470159000731,-85.2296719999999937,35.012554999999999,401,above
470159000762,-85.178338999999994,35.0900729999999967,406,above
470159000763,-85.1902160000000066,35.0200460000000007,307,below
470159000938,-85.3180559999999986,35.0108290000000011,391,above
470159001787,-85.307809000000006,35.0358220000000031,342,above
470159001791,-85.2994810000000001,35.0439110000000014,287,above
470222000772,-83.9415939999999949,35.9760009999999966,507,below
470222000785,-83.911492999999993,35.968792999999998,340,above
470222000809,-83.8743280000000056,35.982368000000001,570,above
470258000648,-88.8168880000000058,35.6293310000000005,324,above
470258000655,-88.8011520000000019,35.6297059999999988,375,above
470258000656,-88.8303609999999964,35.5795400000000015,308,below
470258001336,-88.833123999999998,35.6281609999999986,608,above
470258001843,-88.788874000000007,35.6224309999999989,451,above
470258002259,-88.8388810000000007,35.6555800000000005,537,above
470258002265,-88.7912610000000058,35.6210400000000007,363,above
470303001216,-87.3378189999999961,36.5194800000000015,500,below
470315001248,-86.3877910000000071,35.8279599999999974,391,below
470318000461,-86.8073160000000001,36.1897319999999994,349,above
470318000592,-86.7515659999999969,36.1797690000000003,115,above
470318001261,-86.9351230000000044,36.070647000000001,179,below
470318001262,-86.7623480000000029,36.2698210000000003,457,above
470318001267,-86.798491999999996,36.1776709999999966,287,above
470318001269,-86.768771000000001,36.1783300000000025,221,above
470318001279,-86.7474229999999977,36.1913959999999975,290,above
470318001294,-86.7656199999999984,36.1338539999999995,264,above
470318001302,-86.7665339999999929,36.1862959999999987,182,above
470318001305,-86.7121999999999957,36.3181209999999979,121,above
470318001317,-86.760659000000004,36.1763520000000014,172,below
470318001331,-86.8329209999999989,36.1029399999999967,494,below
470318001332,-86.8268350000000027,36.2209909999999979,381,above
470318001333,-86.7523039999999952,36.1675690000000003,153,above
470318001334,-86.6306770000000057,36.0790259999999989,592,above
470318001346,-86.8025559999999956,36.0954359999999994,174,below
470318001350,-86.7557199999999966,36.1501250000000027,323,above
470318001357,-86.8301089999999931,36.1508850000000024,420,above
470318001365,-86.7813940000000059,36.1430140000000009,116,above
470318001372,-86.8450990000000047,36.1444339999999968,462,below
470318001379,-86.786176999999995,36.1436050000000009,346,above
470318001382,-86.8242369999999966,36.1320929999999976,128,above
470318001384,-86.8372039999999998,36.1956890000000016,111,above
470318001647,-86.7328830000000011,36.1884259999999998,111,above
470318001695,-86.7339949999999931,36.0879130000000004,178,above
470318001697,-86.8043119999999959,36.1590429999999969,158,above
470318001701,-86.8050999999999959,36.1873270000000034,93,above
470318001702,-86.8013360000000063,36.1813080000000014,336,above
470318001707,-86.6823129999999935,36.1759660000000025,287,below
470318001755,-86.7392260000000022,36.1763959999999969,297,below
470318002054,-86.7851339999999993,36.0955909999999989,402,below
470318002060,-86.760081999999997,36.1720180000000013,335,above
470318002201,-86.8099509999999981,36.1756200000000021,431,above
470348001457,-85.486573000000007,36.1927159999999972,2,below
470369001522,-86.3999869999999959,35.8429519999999968,390,below
470402001665,-86.6234620000000035,36.322966000000001,260,below
470408002049,-89.661925999999994,35.5557519999999983,364,above
480771000059,-95.430027999999993,29.8684000000000012,692,above
480771000060,-95.4483769999999936,29.8713610000000003,439,above
480771000082,-95.3611379999999969,29.9102010000000007,1035,above
480771001118,-95.4678009999999944,29.9182209999999991,480,above
480771006969,-95.3608449999999976,29.9120190000000008,494,above
480771007919,-95.4660570000000064,29.9185799999999986,877,above
480771009550,-95.4480939999999976,29.8745989999999999,321,above
480771009556,-95.4931009999999958,29.9233970000000014,956,above
481365000858,-95.2331140000000005,32.329264000000002,476,above
481623000465,-96.7832669999999951,32.6933000000000007,296,above
481623001301,-96.8435620000000057,32.7690079999999995,510,above
481623001332,-96.8315410000000014,32.8429390000000012,417,above
481623001374,-96.8012219999999957,32.8013400000000033,132,below
481623001376,-96.8338770000000011,32.6842850000000027,294,above
481623006242,-96.7740589999999941,32.7219639999999998,305,above
481623006932,-96.7922379999999976,32.8955619999999982,351,below
481686001462,-96.8463090000000051,32.6108970000000014,487,above
481686001463,-96.8668109999999984,32.6009079999999969,626,above
481686006243,-96.830284000000006,32.6074649999999977,579,above
481686006397,-96.8919120000000049,32.5835849999999994,642,above
481686006535,-96.8623070000000013,32.5640509999999992,780,above
481686009467,-96.8342119999999937,32.5845270000000014,695,above
481800001567,-102.373908999999998,31.8516590000000015,318,above
481800001573,-102.396968999999999,31.8396410000000003,605,above
481800001581,-102.344300000000004,31.8360599999999998,348,above
481800001585,-102.356611000000001,31.8549539999999993,468,above
481800001590,-102.347908000000004,31.8710790000000017,583,above
481800001595,-102.359762000000004,31.8317200000000007,334,above
481800001597,-102.377899999999997,31.8320299999999996,553,above
481800005866,-102.353407000000004,31.8429849999999988,695,above
482034002009,-96.6780459999999948,32.922462000000003,566,above
482034002029,-96.6216210000000046,32.8932119999999983,476,above
482034002032,-96.6255740000000003,32.8986969999999985,496,above
482034002047,-96.606065000000001,32.8501120000000029,568,above
482034002048,-96.6758389999999963,32.9143940000000015,479,above
482034002050,-96.6231609999999961,32.8869469999999993,571,above
482166013033,-97.1128709999999984,32.9213000000000022,24,below
482364001322,-95.3663580000000053,29.822337000000001,794,above
482364001348,-95.2881430000000052,29.6997259999999983,841,above
482364002390,-95.5770459999999957,29.7519090000000013,838,above
482364002396,-95.5492169999999987,29.6437610000000014,684,above
482364002399,-95.349464999999995,29.8372640000000011,727,above
482364002401,-95.362244000000004,29.7291069999999991,449,above
482364002411,-95.3429789999999997,29.7664369999999998,570,above
482364002412,-95.3732629999999944,29.845091,793,above
482364002415,-95.3904849999999982,29.8172859999999993,460,above
482364002420,-95.3619110000000063,29.63842,419,above
482364002429,-95.294085999999993,29.6780849999999994,871,above
482364002437,-95.2892850000000067,29.7373200000000004,497,above
482364002444,-95.4172860000000043,29.8357339999999986,524,above
482364002450,-95.5016739999999942,29.6717680000000001,644,above
482364002463,-95.4135979999999933,29.8228200000000001,536,above
482364002464,-95.3040199999999942,29.6613919999999993,764,above
482364002482,-95.3960320000000053,29.7861040000000017,650,below
482364002484,-95.4069960000000066,29.8053680000000014,427,above
482364002488,-95.4878949999999946,29.6835060000000013,740,above
482364002494,-95.4542820000000063,29.6940479999999987,826,below
482364002510,-95.4674919999999929,29.6737539999999989,642,below
482364002515,-95.3350410000000039,29.7401869999999988,683,above
482364002521,-95.3660409999999956,29.7175200000000004,642,above
482364002523,-95.432259000000002,29.6867659999999987,695,above
482364002526,-95.4689999999999941,29.6830810000000014,677,above
482364002528,-95.3809320000000014,29.7281179999999985,510,above
482364002544,-95.436271000000005,29.8279829999999997,788,below
482364002549,-95.4829689999999971,29.6656179999999985,800,above
482364002550,-95.2423040000000043,29.6823970000000017,866,above
482364002559,-95.4079940000000022,29.7271730000000005,776,below
482364002561,-95.3068750000000051,29.7682870000000008,357,above
482364002563,-95.4543970000000002,29.6670930000000013,630,above
482364002567,-95.4208699999999936,29.7473300000000016,679,below
482364002568,-95.4118689999999958,29.7116509999999998,786,below
482364002571,-95.3735049999999944,29.818287999999999,671,above
482364002572,-95.341267000000002,29.8010340000000014,353,above
482364002574,-95.3443939999999941,29.7534899999999993,336,above
482364002582,-95.295535000000001,29.783332999999999,548,above
482364002587,-95.428732999999994,29.7941539999999989,499,above
482364002599,-95.3744700000000023,29.7883800000000001,673,below
482364002601,-95.4379689999999954,29.6986990000000013,907,below
482364002602,-95.4687839999999994,29.8231490000000008,596,above
482364002610,-95.3907200000000017,29.7544429999999984,380,above
482364002612,-95.3751510000000025,29.6821449999999985,544,above
482364002616,-95.3990199999999931,29.7483900000000006,380,above
482364002617,-95.4711439999999953,29.6176050000000011,700,above
482364004598,-95.3109639999999985,29.7286140000000003,558,above
482364005495,-95.3848200000000048,29.7566300000000013,405,above
482364006272,-95.4806420000000031,29.7510410000000007,457,below
482364007324,-95.5260360000000048,29.6637200000000014,801,above
482364010748,-95.3192899999999952,29.8242599999999989,656,above
482364012659,-95.4565340000000049,29.7128039999999984,428,below
482364016978,-95.4204670000000021,29.6973880000000001,689,above
482811003142,-94.7094749999999976,32.4743350000000035,618,below
482811012528,-94.7167460000000006,32.5325369999999978,647,above
482850010928,-101.860613000000001,33.5889689999999987,425,above
482850010939,-101.9148,33.5424420000000012,378,above
482850010940,-101.877705000000006,33.5710880000000032,473,below
482855007765,-94.7319609999999983,31.3601680000000016,453,above
482855007768,-94.7248790000000014,31.3600579999999987,358,above
482855007773,-94.6955329999999975,31.3076270000000001,438,above
482855012355,-94.6951700000000045,31.3108080000000015,467,above
483057008988,-102.054366999999999,31.9995510000000003,355,above
483057008989,-102.060580000000002,32.0246220000000008,496,above
483057012290,-102.087260999999998,32.0101399999999998,397,above
483209003560,-94.6622440000000012,31.6014780000000002,345,above
483209010976,-94.6514949999999971,31.6060200000000009,705,above
483540012209,-93.957185999999993,29.9321669999999998,679,above
483702004123,-96.7634520000000009,32.961627,484,below
484248011422,-94.1125229999999959,33.4628110000000021,412,below
484347004927,-95.2832960000000071,32.3303569999999994,501,above
484347004935,-95.3021219999999971,32.3482119999999966,674,above
484347004940,-95.3383110000000045,32.3444900000000004,303,above
484347004946,-95.3057550000000049,32.2920939999999987,671,below
484347004951,-95.2898739999999975,32.3157799999999966,607,below
484428005035,-97.1930610000000002,31.5464599999999997,407,above
484428005048,-97.1898230000000041,31.5505449999999996,382,above
484578011915,-98.5087709999999959,33.9188800000000015,460,above
484578011922,-98.4866310000000027,33.8733900000000006,443,above
490014200299,-111.860241000000002,40.5207499999999996,751,below
490014200321,-111.880711000000005,40.5930499999999981,542,below
490036000756,-112.073431999999997,40.6908999999999992,495,below
490060000368,-111.914586999999997,40.6373889999999989,345,below
490060000771,-111.910687999999993,40.6589809999999972,625,below
490063000479,-111.629599999999996,40.0923299999999969,504,below
490087000474,-111.934157999999997,40.7821280000000002,477,above
490105001179,-112.322242000000003,40.513697999999998,506,below
490108000803,-109.478790000000004,40.3973020000000034,601,below
490114001096,-113.519141000000005,37.0969160000000002,704,below
500282000069,-73.2169580000000053,44.4842239999999976,189,below
500282000073,-73.2140639999999934,44.4880569999999977,265,below
510012000045,-77.1261910000000057,38.8335560000000015,892,above
510012000047,-77.0464359999999999,38.7993629999999996,411,below
510012000050,-77.0597999999999956,38.8282299999999978,853,above
510012001826,-77.0574090000000069,38.8376799999999989,356,above
510027000087,-77.0868320000000011,38.8483420000000024,525,above
510027000090,-77.0869890000000027,38.8922949999999972,683,above
510027000104,-77.1221409999999992,38.87988,481,below
510027001067,-77.102404000000007,38.8901559999999975,645,below
510027002404,-77.1057530000000071,38.8477260000000015,691,above
510126000426,-77.1453980000000001,38.8522919999999985,1252,above
510126000431,-77.2156279999999953,38.8223059999999975,811,above
510126000473,-77.0665970000000016,38.7188230000000004,515,below
510126000484,-77.292041999999995,39.0011360000000025,466,below
510126000488,-77.0950940000000031,38.7688210000000026,671,above
510126000494,-77.3766459999999938,38.9759370000000018,796,above
510126000502,-77.3615649999999988,38.9323589999999982,685,below
510126000509,-77.1754190000000051,38.9214589999999987,790,below
510126000515,-77.3468950000000035,38.9648910000000015,569,below
510126000519,-77.2957959999999957,38.8140679999999989,741,below
510126000526,-77.4563890000000015,38.8397270000000034,751,above
510126000552,-77.2555389999999989,38.7659280000000024,702,below
510126000559,-77.2231830000000059,38.8033379999999966,500,below
510126000563,-77.1172689999999932,38.7818439999999995,585,above
510126000582,-77.1047130000000038,38.7102330000000023,514,above
510126001838,-77.3822890000000001,38.9278899999999979,514,below
510126002336,-77.408331000000004,38.8456819999999965,853,below
510198000866,-77.301550000000006,37.2953520000000012,733,above
510234000603,-79.1668339999999944,37.3977270000000033,245,above
510234002205,-79.1634970000000067,37.4135419999999996,157,above
510264001044,-76.5534760000000034,37.1429540000000031,453,above
510264001052,-76.4642350000000022,37.0287360000000021,396,below
510264001065,-76.4216870000000057,36.9958710000000011,481,above
510264001637,-76.474930999999998,37.0723740000000035,526,below
510264002343,-76.4131859999999961,36.9761179999999996,694,above
510300001245,-76.3393169999999941,36.8182749999999999,664,above
510300001258,-76.3133009999999956,36.8403300000000016,514,above
510313001286,-77.2389579999999967,38.6571449999999999,451,above
510313001295,-77.3611180000000047,38.6512219999999971,482,above
510313001300,-77.6218080000000015,38.8059229999999999,517,below
510313001314,-77.4372330000000062,38.7478199999999973,691,below
510313001323,-77.4868510000000015,38.7928139999999999,702,above
510313001997,-77.3122299999999996,38.6959859999999978,605,below
510313002198,-77.2951670000000064,38.5836699999999979,766,above
510313002199,-77.2980400000000003,38.6935300000000026,633,below
510313002200,-77.5313900000000018,38.7843540000000004,705,above
510313002418,-77.4829469999999958,38.7543900000000008,405,below
510313002456,-77.5104010000000017,38.7655799999999999,621,above
510313002586,-77.5538999999999987,38.7542279999999977,709,below
510313002587,-77.384791000000007,38.6593090000000004,791,above
510313002588,-77.6360580000000056,38.7981240000000014,687,below
510313002798,-77.277789999999996,38.6177459999999968,418,below
510384001353,-76.0342409999999944,36.7493399999999966,482,below
510415001822,-76.7121700000000004,37.2925529999999981,315,below
510415001824,-76.5056009999999986,37.1986419999999995,699,below
550614002845,-88.3349309999999974,43.0884209999999968,84,below
551236001608,-87.7897899999999964,42.7071109999999976,315,below
551236001623,-87.8025590000000022,42.7265640000000033,569,below
551236001636,-87.7911150000000049,42.7409749999999988,303,below
551578000261,-88.2606770000000012,43.0245000000000033,529,below
551578002012,-88.2476159999999936,43.0257280000000009,292,below
